Zona ,Nome,Domicílios,Famílias,População,Escolares,Empregos,Particulares,Produzidas,Atraidas,Área (ha)
1,Sé,  1.151 , 1.151 ,  3.262 ,  6.363 ,  71.852 ,  326 ,160.503,  160.157 ,  57 
2,Parque Dom Pedro,  2.342 , 2.342 ,  5.695 ,  1.433 ,  51.854 ,  891 ,137.232,  138.306 ,  114 
3,Praça João Mendes,  7.100 , 7.100 ,  17.130 ,  2.399 ,  18.547 ,  1.166 ,62.971,  62.503 ,  48 
4,Ladeira da Memória,  12.588 , 12.588 ,  24.089 ,  1.127 ,  22.554 ,  3.401 ,78.184,  78.286 ,  75 
5,República,  8.050 , 8.050 ,  14.956 ,  1.727 ,  89.487 ,  1.737 ,186.220,  187.153 ,  75 
6,Santa Ifigênia,  9.411 , 9.411 ,  21.989 ,  2.039 ,  38.372 ,  1.445 ,109.791,  109.351 ,  83 
7,Luz,  6.342 , 6.342 ,  18.210 ,  6.873 ,  35.048 ,  2.401 ,93.161,  93.681 ,  155 
8,Bom Retiro,  3.834 , 4.111 ,  12.252 ,  3.280 ,  15.080 ,  1.748 ,40.223,  40.170 ,  143 
9,Ponte Pequena,  2.267 , 2.267 ,  7.456 ,  6.413 ,  16.492 ,  487 ,36.269,  36.522 ,  130 
10,Canindé,  467 , 467 ,  1.619 ,  7.048 ,  6.713 ,  134 ,23.890,  24.030 ,  83 
11,Bom Jardim,  932 , 932 ,  2.713 ,  1.471 ,  3.901 ,  488 ,11.403,  11.381 ,  50 
12,Pari,  4.741 , 4.741 ,  14.381 ,  1.928 ,  21.068 ,  2.085 ,46.136,  44.924 ,  140 
13,João Teodoro,  423 , 423 ,  1.435 ,  266 ,  9.281 ,  103 ,25.131,  24.562 ,  39 
14,Oriente,  1.104 , 1.104 ,  3.337 ,  1.959 ,  27.939 ,  329 ,66.496,  66.780 ,  70 
15,Bresser,  3.148 , 3.247 ,  8.427 ,  162 ,  14.171 ,  897 ,36.167,  36.241 ,  77 
16,Brás,  4.589 , 4.589 ,  12.117 ,  3.420 ,  18.484 ,  2.246 ,48.647,  48.197 ,  109 
17,Gasômetro,  2.411 , 2.430 ,  6.980 ,  5.504 ,  9.361 ,  597 ,31.625,  31.507 ,  69 
18,Independência,  6.592 , 6.592 ,  19.240 ,  3.762 ,  24.090 ,  3.672 ,74.507,  73.238 ,  254 
19,Cambuci,  7.490 , 7.490 ,  20.732 ,  4.590 ,  16.448 ,  5.235 ,57.680,  57.903 ,  140 
20,Glicério,  9.042 , 9.042 ,  23.063 ,  3.614 ,  8.159 ,  6.862 ,47.083,  46.030 ,  108 
21,Aclimação,  7.404 , 7.404 ,  18.691 ,  3.860 ,  9.685 ,  5.517 ,44.431,  44.318 ,  114 
22,Pires da Mota,  5.996 , 5.996 ,  13.623 ,  4.513 ,  8.425 ,  3.263 ,37.043,  37.239 ,  50 
23,Centro Cultural,  2.553 , 2.553 ,  5.332 ,  33.076 ,  17.915 ,  1.279 ,74.016,  73.688 ,  33 
24,Liberdade,  5.364 , 5.364 ,  11.423 ,  53.168 ,  17.996 ,  1.659 ,89.698,  89.534 ,  59 
25,Treze de Maio,  7.996 , 7.996 ,  18.401 ,  4.010 ,  12.142 ,  2.582 ,40.630,  40.829 ,  43 
26,Bexiga,  6.375 , 6.494 ,  14.281 ,  8.564 ,  13.420 ,  2.564 ,54.508,  54.681 ,  52 
27,Bela Vista,  7.636 , 7.636 ,  17.536 ,  12.922 ,  44.855 ,  6.620 ,117.797,  120.315 ,  94 
28,São Carlos do Pinhal,  4.411 , 4.411 ,  9.068 ,  8.922 ,  28.433 ,  2.738 ,76.171,  76.772 ,  31 
29,Masp,  7.089 , 7.089 ,  13.251 ,  4.904 ,  45.411 ,  2.916 ,94.938,  94.788 ,  57 
30,Higienópolis,  9.038 , 9.197 ,  19.455 ,  3.796 ,  18.583 ,  7.884 ,63.115,  62.730 ,  68 
31,Vila Buarque,  11.259 , 11.259 ,  20.034 ,  37.088 ,  27.102 ,  5.014 ,119.032,  119.388 ,  90 
32,Consolação,  4.590 , 4.590 ,  8.556 ,  15.091 ,  48.237 ,  2.587 ,112.133,  112.552 ,  57 
33,Pacaembu,  587 , 587 ,  1.839 ,  541 ,  3.126 ,  865 ,6.929,  6.927 ,  90 
34,FAAP,  3.191 , 3.191 ,  7.556 ,  5.443 ,  9.965 ,  3.655 ,31.857,  32.883 ,  74 
35,Santa Cecília,  19.105 , 19.105 ,  40.032 ,  8.462 ,  35.793 ,  6.481 ,114.335,  112.257 ,  144 
36,Marechal Deodoro,  18.909 , 19.001 ,  43.094 ,  11.004 ,  33.133 ,  11.359 ,112.648,  112.542 ,  142 
37,Rudge,  1.525 , 1.525 ,  4.607 ,  2.544 ,  19.020 ,  1.119 ,33.774,  33.551 ,  85 
38,Catumbi,  1.074 , 1.095 ,  3.786 ,  2.263 ,  5.130 ,  747 ,12.175,  12.154 ,  81 
39,Belém,  3.087 , 3.087 ,  9.357 ,  3.216 ,  8.952 ,  2.039 ,27.108,  25.582 ,  161 
40,Quarta Parada,  2.593 , 2.593 ,  7.878 ,  5.999 ,  17.654 ,  1.381 ,42.266,  42.954 ,  127 
41,Belenzinho,  7.268 , 7.452 ,  22.051 ,  7.724 ,  24.408 ,  4.258 ,81.301,  80.984 ,  180 
42,Celso Garcia,  1.537 , 1.537 ,  5.328 ,  385 ,  8.745 ,  431 ,29.355,  29.252 ,  64 
43,Mooca,  10.102 , 10.102 ,  27.958 ,  37.812 ,  23.692 ,  8.922 ,109.332,  110.112 ,  272 
44,Alto da Mooca,  6.583 , 6.583 ,  18.350 ,  4.064 ,  18.042 ,  4.607 ,60.317,  61.151 ,  142 
45,Parque da Mooca,  11.979 , 11.979 ,  33.271 ,  5.703 ,  33.482 ,  12.166 ,98.720,  97.369 ,  381 
46,Água Rasa,  12.267 , 12.883 ,  36.270 ,  9.682 ,  16.582 ,  7.619 ,71.850,  70.873 ,  316 
47,Vila Bertioga,  8.194 , 8.194 ,  23.003 ,  2.050 ,  11.977 ,  9.052 ,43.442,  43.355 ,  195 
48,Regente Feijó,  8.524 , 8.524 ,  23.924 ,  5.798 ,  14.867 ,  6.105 ,49.161,  48.902 ,  204 
49,Ana Rosa,  5.876 , 5.876 ,  13.386 ,  6.182 ,  20.009 ,  3.929 ,60.199,  60.827 ,  94 
50,Jardim da Glória,  3.276 , 3.276 ,  8.896 ,  1.651 ,  1.845 ,  3.574 ,16.802,  16.889 ,  88 
51,Chácara Klabin,  6.123 , 6.123 ,  16.085 ,  2.587 ,  7.165 ,  4.664 ,29.960,  29.887 ,  98 
52,Vila Mariana,  4.576 , 4.576 ,  10.145 ,  7.768 ,  14.736 ,  4.789 ,41.976,  40.952 ,  60 
53,Santa Cruz,  5.140 , 5.140 ,  13.293 ,  9.056 ,  23.052 ,  5.271 ,65.778,  66.981 ,  109 
54,Vila Clementino,  3.902 , 3.902 ,  8.715 ,  4.283 ,  29.725 ,  2.868 ,89.898,  91.571 ,  94 
55,França Pinto,  6.384 , 6.384 ,  15.518 ,  10.615 ,  15.678 ,  6.203 ,50.466,  51.186 ,  112 
56,Rodrigues Alves,  9.697 , 9.896 ,  21.617 ,  9.888 ,  22.143 ,  5.907 ,76.853,  77.327 ,  104 
57,Paraíso,  10.462 , 10.462 ,  24.334 ,  4.745 ,  45.145 ,  9.245 ,110.615,  111.326 ,  96 
58,Bosque da Saúde,  12.094 , 12.094 ,  30.779 ,  3.320 ,  16.428 ,  12.205 ,55.639,  55.562 ,  170 
59,Saúde,  20.718 , 20.718 ,  52.745 ,  15.870 ,  31.651 ,  13.546 ,164.461,  164.995 ,  261 
60,Planalto Paulista,  8.102 , 8.316 ,  22.059 ,  4.252 ,  15.388 ,  8.597 ,69.348,  68.318 ,  322 
61,Mirandópolis,  12.065 , 12.065 ,  28.100 ,  13.448 ,  18.735 ,  10.220 ,76.081,  76.112 ,  173 
62,Parque Ibirapuera,  1.993 , 1.993 ,  4.565 ,  652 ,  19.995 ,  2.086 ,48.737,  48.606 ,  284 
63,Jardim Luzitânia,  635 , 635 ,  2.099 ,  1.271 ,  12.650 ,  922 ,38.144,  37.065 ,  103 
64,Moema,  14.875 , 14.875 ,  33.386 ,  3.990 ,  41.272 ,  15.218 ,104.606,  106.168 ,  175 
65,Vila Helena,  11.980 , 11.980 ,  26.860 ,  9.630 ,  17.556 ,  15.423 ,68.331,  68.562 ,  105 
66,Bandeirantes,  4.813 , 4.813 ,  10.923 ,  3.581 ,  22.527 ,  5.858 ,59.938,  60.912 ,  133 
67,Vila Nova Conceição,  4.445 , 4.445 ,  10.574 ,  1.151 ,  8.765 ,  4.642 ,32.705,  32.633 ,  112 
68,Chácara Itaim,  12.783 , 12.783 ,  27.460 ,  6.213 ,  73.566 ,  11.339 ,171.851,  171.156 ,  204 
69,Vila Olímpia,  4.948 , 4.948 ,  10.021 ,  2.981 ,  23.463 ,  4.451 ,60.726,  60.725 ,  90 
70,Hélio Pelegrino,  5.369 , 5.369 ,  11.703 ,  10.184 ,  20.324 ,  6.418 ,54.596,  55.146 ,  103 
71,Brooklin,  11.745 , 11.745 ,  28.443 ,  3.257 ,  20.615 ,  12.439 ,66.696,  66.382 ,  234 
72,Vila Cordeiro,  3.919 , 3.919 ,  10.092 ,  9.615 ,  24.450 ,  3.856 ,60.937,  61.040 ,  177 
73,Berrini,  3.768 , 3.768 ,  8.758 ,  920 ,  97.733 ,  2.820 ,181.295,  181.206 ,  197 
74,Campinas,  6.131 , 6.131 ,  12.765 ,  3.250 ,  36.233 ,  5.494 ,76.617,  76.247 ,  49 
75,Pamplona,  6.836 , 6.836 ,  14.277 ,  1.979 ,  12.564 ,  7.612 ,42.750,  42.545 ,  51 
76,Jardins,  4.291 , 4.291 ,  10.908 ,  1.218 ,  23.679 ,  5.685 ,50.711,  50.644 ,  238 
77,Clínicas,  10.526 , 10.526 ,  21.006 ,  6.901 ,  38.950 ,  7.640 ,95.986,  95.297 ,  129 
78,Oscar Freire,  9.508 , 9.508 ,  20.776 ,  457 ,  24.932 ,  7.501 ,58.220,  58.334 ,  100 
79,Trianon,  5.110 , 5.110 ,  10.690 ,  5.602 ,  46.194 ,  4.587 ,125.391,  125.692 ,  60 
80,Jardim Paulistano,  9.193 , 9.193 ,  19.691 ,  3.522 ,  27.553 ,  6.524 ,80.848,  81.175 ,  99 
81,Jardim Europa,  4.839 , 4.839 ,  12.650 ,  697 ,  41.641 ,  6.976 ,87.421,  87.756 ,  308 
82,Pinheiros,  4.937 , 4.937 ,  11.262 ,  12.715 ,  75.074 ,  3.252 ,163.842,  164.357 ,  203 
83,Vila Madalena,  9.703 , 9.703 ,  22.275 ,  5.506 ,  27.801 ,  8.227 ,90.156,  90.207 ,  219 
84,PUC,  7.094 , 7.094 ,  16.557 ,  9.527 ,  12.763 ,  6.905 ,54.588,  54.705 ,  73 
85,Cardoso de Almeida,  1.837 , 1.837 ,  5.033 ,  2.171 ,  3.259 ,  2.500 ,20.367,  20.350 ,  63 
86,Zequinha de Abreu,  1.564 , 1.564 ,  3.729 ,  529 ,  3.903 ,  1.241 ,10.328,  10.246 ,  50 
87,Sumaré,  6.893 , 6.893 ,  16.354 ,  2.774 ,  10.844 ,  6.241 ,44.504,  44.601 ,  139 
88,Perdizes,  18.965 , 18.965 ,  45.356 ,  5.280 ,  24.113 ,  15.820 ,103.953,  104.612 ,  168 
89,Vila Anglo Brasileira,  5.505 , 5.505 ,  13.993 ,  660 ,  5.442 ,  5.443 ,20.619,  20.846 ,  79 
90,Pompéia,  5.667 , 5.667 ,  13.232 ,  2.745 ,  9.741 ,  5.543 ,45.063,  45.059 ,  60 
91,Santa Marina,  677 , 677 ,  2.350 ,  18.915 ,  24.396 ,  351 ,61.475,  62.315 ,  295 
92,Barra Funda,  107 , 107 ,  324 ,  1.078 ,  12.925 ,  77 ,31.517,  30.813 ,  118 
93,Francisco Matarazzo,  3.844 , 3.844 ,  9.032 ,  56.838 ,  30.495 ,  2.946 ,119.917,  118.685 ,  105 
94,Água Branca,  1.660 , 1.660 ,  3.993 ,  4.180 ,  19.561 ,  1.300 ,53.823,  53.673 ,  71 
95,Vila Beatriz,  6.941 , 6.941 ,  17.657 ,  3.871 ,  9.649 ,  7.406 ,42.510,  42.411 ,  184 
96,Alto de Pinheiros,  2.370 , 2.370 ,  7.211 ,  3.765 ,  11.979 ,  3.355 ,33.927,  33.761 ,  253 
97,Boaçava,  6.266 , 6.266 ,  16.610 ,  1.638 ,  13.939 ,  7.688 ,43.776,  43.380 ,  314 
98,Vila Anastácio,  910 , 910 ,  2.452 ,  839 ,  8.500 ,  568 ,15.802,  15.872 ,  165 
99,Lapa de Baixo,  3.023 , 3.174 ,  8.120 ,  1.790 ,  22.936 ,  2.429 ,43.636,  43.479 ,  243 
100,Lapa,  7.394 , 7.394 ,  19.354 ,  17.373 ,  40.417 ,  5.698 ,149.671,  149.661 ,  225 
101,Vila Ipojuca,  8.354 , 8.354 ,  21.858 ,  3.688 ,  10.991 ,  6.746 ,47.543,  46.915 ,  168 
102,Alto da Lapa,  4.763 , 4.805 ,  12.643 ,  3.137 ,  8.176 ,  6.115 ,31.747,  32.175 ,  160 
103,Gavião Peixoto,  889 , 889 ,  2.622 ,  1.713 ,  2.922 ,  875 ,11.489,  11.593 ,  69 
104,Bela Aliança,  2.764 , 2.764 ,  7.064 ,  3.221 ,  3.617 ,  3.777 ,17.969,  17.846 ,  71 
105,Vila Hamburguesa,  5.319 , 5.319 ,  14.439 ,  6.369 ,  16.513 ,  6.959 ,47.705,  48.599 ,  149 
106,CEASA,  1.103 , 1.103 ,  3.921 ,  54 ,  20.954 ,  319 ,30.809,  31.592 ,  198 
107,Vila Leopoldina,  5.816 , 5.816 ,  15.213 ,  9.141 ,  12.845 ,  6.395 ,50.269,  50.328 ,  92 
108,Emissário,  1.117 , 1.144 ,  3.451 ,  393 ,  15.544 ,  674 ,25.830,  26.140 ,  191 
109,Vila Zatt,  39.388 , 39.388 ,  120.118 ,  23.983 ,  34.385 ,  25.736 ,180.626,  182.060 ,  1.220 
110,Pirituba,  18.164 , 18.164 ,  50.451 ,  10.863 ,  17.121 ,  11.395 ,90.592,  91.545 ,  489 
111,São Domingos,  17.781 , 17.781 ,  50.923 ,  8.321 ,  17.727 ,  12.680 ,83.425,  84.136 ,  582 
112,Jardim Mutinga,  11.058 , 11.058 ,  35.152 ,  5.570 ,  13.884 ,  6.008 ,58.622,  57.527 ,  412 
113,Vila Jaguara,  8.078 ,  8.078 ,  24.154 ,  7.036 ,  18.372 ,  7.529 ,57.544,  57.575 ,  454 
114,Parque do Jaraguá,  -   ,  -   ,  -   ,  -   ,  211 ,  -   ,239,  239 ,  489 
115,Nova Jaraguá,  15.147 , 15.147 ,  49.094 ,  13.205 ,  12.785 ,  7.319 ,69.992,  69.930 ,  778 
116,Parada de Taipas,  49.541 , 49.990 ,  157.907 ,  42.259 ,  32.183 ,  26.621 ,240.275,  239.599 ,  1.553 
117,Parque Morro Doce,  21.235 , 21.514 ,  64.095 ,  12.209 ,  16.538 ,  11.299 ,59.858,  60.161 ,  1.527 
118,Anhanguera,  5.392 , 5.392 ,  16.752 ,  3.387 ,  4.007 ,  4.078 ,21.676,  22.055 ,  1.813 
119,Perus,  26.735 , 26.735 ,  87.246 ,  24.446 ,  13.969 ,  13.252 ,110.913,  111.879 ,  2.369 
120,Vista Alegre,  -   ,  -   ,  -   ,  -   ,  -   ,  -   ,  -   ,  -   ,  742 
121,Jardim Damasceno,  27.338 , 27.338 ,  90.273 ,  14.285 ,  15.691 ,  12.058 ,94.657,  94.615 ,  574 
122,Vila Souza,  15.428 , 15.428 ,  49.953 ,  8.100 ,  9.610 ,  5.885 ,72.394,  72.941 ,  221 
123,Vila Terezinha,  22.608 , 23.423 ,  73.066 ,  12.035 ,  9.608 ,  7.814 ,84.918,  84.004 ,  251 
124,Brasilândia,  21.393 , 21.393 ,  64.866 ,  20.521 ,  17.658 ,  12.274 ,128.769,  130.234 ,  318 
125,Vila Morro Grande,  17.246 , 17.573 ,  52.600 ,  11.264 ,  12.370 ,  9.401 ,80.135,  80.144 ,  413 
126,Itaberaba,  11.011 , 11.011 ,  34.079 ,  5.963 ,  12.030 ,  9.404 ,71.928,  71.873 ,  207 
127,Freguesia do Ó,  18.734 , 18.734 ,  53.941 ,  12.872 ,  19.889 ,  14.962 ,128.457,  128.145 ,  486 
128,Carandiru,  674 , 674 ,  1.794 ,  3.438 ,  13.692 ,  420 ,35.899,  35.757 ,  38 
129,Santana,  1.769 , 1.769 ,  4.596 ,  3.754 ,  14.458 ,  1.101 ,62.381,  62.718 ,  54 
130,Zaki Narchi,  909 ,  909 ,  3.274 ,  934 ,  3.859 ,  258 ,9.669,  9.662 ,  71 
131,Tietê,  433 , 433 ,  1.227 ,  4.405 ,  10.907 ,  239 ,32.353,  32.060 ,  79 
132,Parque Anhembi,  -   ,  -   ,  -   ,  2.324 ,  3.871 ,  -   ,14.652,  14.874 ,  314 
133,Alfredo Pujol,  13.684 , 13.684 ,  36.442 ,  8.596 ,  20.366 ,  11.400 ,91.464,  92.117 ,  215 
134,Santa Terezinha,  10.038 , 10.038 ,  28.827 ,  9.580 ,  14.706 ,  8.768 ,74.018,  72.693 ,  251 
135,Jardim São Paulo,  13.643 , 15.632 ,  38.163 ,  8.503 ,  17.445 ,  9.480 ,83.855,  83.665 ,  291 
136,Casa Verde,  11.225 , 11.225 ,  32.570 ,  10.752 ,  23.471 ,  8.835 ,90.249,  90.271 ,  325 
137,Parque Peruche,  17.062 , 17.062 ,  53.439 ,  7.935 ,  20.887 ,  11.768 ,106.219,  106.878 ,  392 
138,Limão,  2.395 , 2.440 ,  7.855 ,  1.290 ,  12.057 ,  1.466 ,33.392,  34.557 ,  172 
139,Jardim Primavera,  8.140 , 8.140 ,  24.309 ,  6.250 ,  14.168 ,  4.938 ,62.094,  63.023 ,  193 
140,Vila Santa Maria,  15.199 ,  15.199 ,  47.391 ,  11.154 ,  16.237 ,  8.582 ,90.857,  89.826 ,  278 
141,Cachoeirinha,  26.057 , 26.621 ,  79.276 ,  20.536 ,  21.853 ,  16.038 ,160.498,  160.705 ,  479 
142,Jardim Peri,  20.266 , 20.266 ,  66.324 ,  6.352 ,  17.674 ,  10.024 ,97.862,  98.199 ,  444 
143,Reserva da Cantareira,  -   ,  -   ,  -   ,  -   ,  -   ,  -   ,  -   ,  -   ,  437 
144,Mandaqui,  36.483 , 36.483 ,  104.526 ,  11.677 ,  30.090 ,  29.568 ,163.855,  163.687 ,  552 
145,Horto Florestal,  1.504 , 1.575 ,  4.480 ,  3.544 ,  2.392 ,  1.398 ,19.530,  20.272 ,  342 
146,ETA Guaraú,  -   ,  -   ,  -   ,  -   ,  -   ,  -   ,  -   ,  -   ,  429 
147,Parque Palmas do Tremembé,  10.874 , 10.874 ,  33.902 ,  4.625 ,  13.311 ,  8.915 ,73.489,  72.374 ,  407 
148,Tremembé,  7.809 , 7.809 ,  22.869 ,  6.903 ,  7.836 ,  4.431 ,48.887,  48.864 ,  332 
149,Cantareira,  -   ,  -   ,  -   ,  -   ,  68 ,  -   ,428,  428 ,  2.886 
150,Jardim das Pedras,  15.291 , 15.291 ,  51.558 ,  7.628 ,  10.269 ,  6.703 ,62.178,  63.545 ,  1.609 
151,Jardim Guapira,  33.624 , 33.624 ,  109.629 ,  15.201 ,  21.011 ,  16.770 ,179.033,  179.178 ,  549 
152,Parada Inglesa,  12.154 , 12.154 ,  35.169 ,  12.759 ,  14.573 ,  6.875 ,79.982,  79.456 ,  243 
153,Tucuruvi,  5.703 , 5.703 ,  16.284 ,  8.218 ,  10.765 ,  5.640 ,41.115,  41.426 ,  359 
154,Vila Gustavo,  15.797 , 15.797 ,  45.465 ,  9.330 ,  17.162 ,  13.605 ,101.086,  100.300 ,  346 
155,Cohab Jova Real,  9.265 , 9.265 ,  32.242 ,  3.982 ,  6.320 ,  4.587 ,42.598,  42.604 ,  255 
156,Jaçanã,  14.464 , 14.464 ,  43.910 ,  12.216 ,  17.611 ,  11.083 ,88.608,  88.273 ,  386 
157,Parque Edu Chaves,  6.230 , 6.230 ,  19.629 ,  4.884 ,  6.985 ,  2.576 ,34.206,  34.594 ,  110 
158,Vila Medeiros,  19.961 , 19.961 ,  60.459 ,  8.069 ,  7.928 ,  9.458 ,74.903,  75.869 ,  335 
159,Jardim Brasil,  20.206 , 20.206 ,  64.171 ,  9.562 ,  29.203 ,  10.555 ,101.954,  100.394 ,  454 
160,Jardim Japão,  17.245 , 17.245 ,  50.672 ,  6.996 ,  12.697 ,  11.537 ,55.473,  53.498 ,  396 
161,Parque Novo Mundo,  14.724 , 14.724 ,  47.297 ,  6.425 ,  33.206 ,  8.274 ,122.575,  121.963 ,  551 
162,Vila Maria,  5.467 , 5.467 ,  15.842 ,  22.073 ,  17.823 ,  3.457 ,68.261,  68.767 ,  234 
163,Vila Isolina Mazzei,  16.125 , 16.125 ,  47.519 ,  6.509 ,  17.319 ,  13.020 ,96.569,  97.522 ,  380 
164,Vila Guilherme,  1.879 , 1.879 ,  5.849 ,  2.435 ,  10.506 ,  1.182 ,25.920,  25.735 ,  171 
165,Coroa,  1.075 , 1.075 ,  3.184 ,  3.965 ,  14.333 ,  603 ,37.176,  37.562 ,  174 
166,Gomes Cardim,  12.310 , 12.310 ,  32.876 ,  22.803 ,  30.353 ,  10.289 ,120.136,  119.328 ,  243 
167,Tatuapé,  6.493 , 6.493 ,  17.440 ,  8.719 ,  37.493 ,  6.142 ,116.962,  118.134 ,  157 
168,Chácara do Piqueri,  8.579 , 8.579 ,  22.502 ,  7.413 ,  22.159 ,  6.533 ,74.134,  74.079 ,  199 
169,Parque São Jorge,  8.157 , 8.157 ,  22.460 ,  44.340 ,  19.028 ,  8.769 ,86.022,  87.276 ,  252 
170,Penha,  11.594 , 11.594 ,  34.693 ,  12.887 ,  19.867 ,  7.112 ,97.701,  97.305 ,  384 
171,Tiquatira,  14.372 , 14.372 ,  40.666 ,  7.653 ,  14.810 ,  9.459 ,81.281,  81.162 ,  324 
172,Vila Esperança,  9.253 , 9.253 ,  26.788 ,  6.530 ,  11.408 ,  6.818 ,52.567,  51.976 ,  229 
173,Vila Ré,  8.982 ,  8.982 ,  26.818 ,  4.996 ,  9.021 ,  4.730 ,45.559,  45.117 ,  208 
174,Rui Barbosa,  15.839 ,  16.194 ,  48.886 ,  14.856 ,  10.106 ,  8.475 ,86.239,  86.039 ,  271 
175,Estação Eng. Goulart,  9.796 , 9.796 ,  31.792 ,  3.691 ,  10.075 ,  4.999 ,60.535,  60.150 ,  193 
176,Cangaíba,  15.645 , 15.645 ,  46.828 ,  8.936 ,  18.677 ,  9.847 ,58.384,  58.503 ,  334 
177,Parque Ecológico do Tietê,  3.023 , 3.249 ,  10.184 ,  538 ,  1.894 ,  1.260 ,14.347,  13.932 ,  531 
178,USP Leste I,  -   ,  -   ,  -   ,  2.954 ,  1.289 ,  -   ,3.889,  3.949 ,  50 
179,USP Leste II,  -   ,  -   ,  -   ,  -   ,  -   ,  -   ,  -   ,  -   ,  123 
180,Ermelino Matarazzo,  22.958 , 23.550 ,  71.109 ,  11.591 ,  14.445 ,  17.403 ,120.369,  119.763 ,  449 
181,Parque Buturussu,  15.110 , 15.575 ,  46.600 ,  12.626 ,  12.719 ,  9.224 ,79.906,  82.542 ,  372 
182,Ponte Rasa,  15.499 , 15.499 ,  46.946 ,  9.526 ,  17.054 ,  11.945 ,63.922,  65.454 ,  365 
183,Burgo Paulista,  13.918 , 13.918 ,  43.659 ,  12.608 ,  7.808 ,  8.787 ,68.115,  67.707 ,  292 
184,Limoeiro,  7.929 , 8.241 ,  24.724 ,  2.912 ,  4.977 ,  4.528 ,42.955,  42.912 ,  143 
185,Laranja da China,  9.672 , 9.672 ,  29.129 ,  4.836 ,  5.015 ,  4.831 ,29.802,  29.892 ,  132 
186,Pedro José Nunes,  3.860 , 4.195 ,  11.747 ,  2.426 ,  2.654 ,  2.730 ,17.714,  17.385 ,  86 
187,Parque Cruzeiro do Sul,  15.290 , 15.290 ,  48.263 ,  8.887 ,  9.959 ,  6.777 ,62.944,  63.153 ,  250 
188,Vila Jacuí,  10.432 , 10.432 ,  31.082 ,  30.034 ,  8.299 ,  6.965 ,76.950,  77.160 ,  212 
189,Parada XV,  16.044 , 16.044 ,  48.725 ,  13.114 ,  10.694 ,  8.411 ,90.505,  91.951 ,  324 
190,Itaquera,  10.820 , 10.820 ,  33.748 ,  13.850 ,  15.390 ,  8.099 ,84.631,  83.667 ,  283 
191,Arena Corinthians,  -   ,  -   ,  -   ,  3.030 ,  8.687 ,  -   ,28.462,  28.375 ,  140 
192,Vila Campanela,  11.982 , 12.491 ,  38.953 ,  7.253 ,  9.378 ,  9.074 ,51.718,  51.557 ,  231 
193,Araucárias,  7.568 , 7.786 ,  25.665 ,  3.255 ,  6.585 ,  3.584 ,37.255,  37.255 ,  130 
194,Parque Guarani,  7.687 , 7.687 ,  25.845 ,  7.582 ,  4.852 ,  3.777 ,33.942,  34.318 ,  126 
195,Rio Verde,  12.109 , 12.109 ,  37.047 ,  6.148 ,  6.255 ,  6.687 ,48.318,  48.275 ,  239 
196,Saudade,  11.087 , 11.194 ,  35.990 ,  7.915 ,  8.339 ,  4.584 ,50.956,  50.650 ,  207 
197,São Miguel Paulista,  7.580 , 7.686 ,  24.124 ,  8.538 ,  7.763 ,  4.276 ,50.242,  49.810 ,  303 
198,Cidade Nitro-Operária,  9.489 , 9.489 ,  29.485 ,  11.234 ,  23.934 ,  5.557 ,101.522,  101.799 ,  358 
199,Jardim Helena,  30.922 , 31.605 ,  101.750 ,  22.636 ,  20.669 ,  20.326 ,165.444,  163.571 ,  685 
200,Jardim Romano,  10.206 , 10.402 ,  33.296 ,  5.687 ,  9.162 ,  6.295 ,52.723,  52.682 ,  231 
201,Vila Curuçá,  23.994 , 23.994 ,  74.667 ,  23.127 ,  16.619 ,  11.507 ,139.756,  140.876 ,  503 
202,Jardim Robru,  24.524 , 24.524 ,  77.630 ,  16.090 ,  11.471 ,  14.011 ,95.190,  94.266 ,  449 
203,Lageado,  17.865 , 18.029 ,  57.057 ,  10.532 ,  8.840 ,  8.381 ,70.238,  69.979 ,  277 
204,Fábrica Bandeirantes,  35.694 , 36.110 ,  115.079 ,  25.583 ,  22.880 ,  15.965 ,168.827,  167.122 ,  615 
205,Fazenda Itaim,  33.135 , 33.484 ,  107.393 ,  19.520 ,  22.273 ,  16.982 ,146.698,  146.132 ,  462 
206,Itaim Paulista,  15.181 , 15.181 ,  45.915 ,  15.804 ,  15.898 ,  5.533 ,101.484,  101.054 ,  302 
207,Jardim das Oliveiras,  24.675 , 24.675 ,  79.026 ,  16.946 ,  16.008 ,  11.138 ,130.680,  130.223 ,  460 
208,Vila Califórnia,  14.706 , 14.706 ,  42.519 ,  9.758 ,  28.842 ,  11.270 ,99.972,  100.492 ,  340 
209,Vila Carrão,  14.211 , 14.211 ,  42.192 ,  9.824 ,  12.920 ,  12.758 ,81.109,  80.743 ,  440 
210,Jardim Anália Franco,  11.186 , 11.186 ,  32.170 ,  20.400 ,  20.561 ,  10.226 ,92.162,  94.631 ,  334 
211,Vila Formosa,  20.726 , 20.726 ,  62.162 ,  4.729 ,  20.496 ,  14.894 ,110.104,  111.367 ,  417 
212,Barreira Grande,  13.676 ,  13.676 ,  42.022 ,  8.951 ,  8.750 ,  4.772 ,54.320,  54.433 ,  280 
213,Aricanduva,  14.589 , 14.589 ,  44.558 ,  10.422 ,  21.845 ,  11.265 ,86.223,  86.003 ,  406 
214,Frei Mont'Alverne,  8.764 , 8.764 ,  26.032 ,  12.109 ,  12.390 ,  4.739 ,51.074,  52.448 ,  225 
215,Vila Matilde,  13.295 , 13.295 ,  39.195 ,  8.214 ,  18.172 ,  7.490 ,73.482,  74.385 ,  330 
216,Cidade Patriarca,  13.478 , 13.478 ,  40.288 ,  11.045 ,  12.417 ,  7.203 ,69.576,  70.143 ,  337 
217,Cidade A.E.Carvalho,  11.042 , 11.291 ,  33.081 ,  7.916 ,  10.832 ,  7.415 ,64.014,  64.451 ,  266 
218,Artur Alvim,  23.556 , 23.556 ,  68.334 ,  14.861 ,  18.624 ,  12.883 ,135.557,  135.389 ,  387 
219,Cidade Líder,  17.615 , 17.615 ,  54.475 ,  8.181 ,  17.175 ,  10.041 ,92.558,  92.677 ,  348 
220,Santa Marcelina,  11.001 , 11.728 ,  34.510 ,  7.238 ,  10.732 ,  9.290 ,63.230,  63.154 ,  266 
221,Parque Savoy,  14.154 , 14.154 ,  44.416 ,  10.126 ,  17.769 ,  10.192 ,89.533,  90.184 ,  445 
222,Vila Carmosina,  14.493 , 15.229 ,  44.512 ,  8.774 ,  16.764 ,  12.347 ,78.105,  78.807 ,  344 
223,Fazenda Caguaçu,  8.356 , 8.356 ,  26.492 ,  3.371 ,  10.752 ,  5.114 ,42.056,  41.062 ,  440 
224,Parque do Carmo,  -   ,  -   ,  -   ,  4.257 ,  1.818 ,  -   ,12.672,  12.683 ,  777 
225,Gleba do Pêssego,  10.178 , 10.178 ,  31.818 ,  6.822 ,  11.991 ,  6.039 ,52.438,  52.215 ,  1.028 
226,José Bonifácio,  34.499 , 34.499 ,  102.278 ,  26.114 ,  20.670 ,  18.485 ,175.800,  175.398 ,  417 
227,Guaianases,  20.519 , 20.519 ,  63.969 ,  15.098 ,  15.793 ,  11.502 ,91.367,  91.148 ,  472 
228,Juscelino Kubitschek,  14.012 , 14.154 ,  44.320 ,  8.074 ,  8.814 ,  5.365 ,59.400,  60.518 ,  419 
229,Cidade Tiradentes,  48.217 , 48.531 ,  152.866 ,  39.971 ,  31.893 ,  17.541 ,245.669,  246.269 ,  954 
230,Santa Etelvina,  25.065 , 25.719 ,  77.122 ,  23.503 ,  13.952 ,  10.109 ,121.194,  119.151 ,  541 
231,Terceira Divisão,  10.869 , 10.869 ,  35.298 ,  6.105 ,  8.258 ,  5.881 ,50.016,  49.474 ,  1.131 
232,Iguatemi,  13.059 ,  13.059 ,  42.214 ,  13.531 ,  9.556 ,  7.739 ,74.969,  75.002 ,  504 
233,Sítio Carrãozinho,  20.823 , 20.823 ,  67.261 ,  13.232 ,  16.657 ,  9.994 ,94.449,  94.544 ,  323 
234,Parque São Rafael,  21.512 , 21.512 ,  70.826 ,  15.195 ,  17.140 ,  7.553 ,105.669,  105.363 ,  737 
235,Rodolfo Pirani,  27.246 , 27.246 ,  85.409 ,  10.109 ,  23.823 ,  18.275 ,101.225,  101.100 ,  566 
236,Ipiranga,  4.707 , 4.707 ,  12.057 ,  5.439 ,  10.921 ,  3.846 ,42.348,  42.469 ,  92 
237,Sacomã,  3.078 , 3.078 ,  8.175 ,  1.104 ,  11.761 ,  2.143 ,48.080,  47.304 ,  90 
238,Alto do Ipiranga,  6.987 , 6.987 ,  19.260 ,  3.209 ,  11.313 ,  4.666 ,43.596,  43.749 ,  161 
239,Vila São José,  5.668 , 5.668 ,  15.480 ,  16.019 ,  17.557 ,  4.735 ,80.949,  81.207 ,  178 
240,Vila Monumento,  7.240 , 7.240 ,  19.389 ,  4.597 ,  19.037 ,  6.189 ,55.955,  56.191 ,  165 
241,Vila Independência,  3.516 , 3.516 ,  9.672 ,  1.875 ,  12.369 ,  2.222 ,30.083,  29.568 ,  170 
242,Vila Carioca,  8.705 , 8.705 ,  27.112 ,  1.670 ,  12.535 ,  3.447 ,52.620,  52.063 ,  249 
243,Moinho Velho,  16.838 , 16.838 ,  44.779 ,  16.802 ,  20.213 ,  11.320 ,93.674,  93.649 ,  347 
244,Vila Heliópolis,  20.262 , 22.131 ,  62.304 ,  3.408 ,  10.433 ,  9.932 ,111.032,  110.313 ,  233 
245,São João Clímaco,  8.652 , 8.652 ,  24.591 ,  1.694 ,  6.731 ,  4.887 ,32.796,  33.128 ,  198 
246,Anchieta,  10.426 , 10.426 ,  29.973 ,  13.017 ,  7.199 ,  7.880 ,46.890,  46.925 ,  217 
247,Vila das Mercês,  33.838 , 33.838 ,  98.763 ,  17.109 ,  21.051 ,  19.619 ,199.361,  200.304 ,  469 
248,Parque do Estado,  -   ,  -   ,  -   ,  -   ,  2.132 ,  -   ,5.983,  5.983 ,  445 
249,Água Funda,  15.186 , 15.186 ,  46.815 ,  4.704 ,  14.681 ,  8.359 ,64.729,  64.766 ,  276 
250,Jardim da Saúde,  6.759 , 6.759 ,  19.179 ,  3.402 ,  13.101 ,  5.774 ,46.419,  46.381 ,  183 
251,Vila Gumercindo,  9.142 , 9.142 ,  24.384 ,  7.736 ,  11.653 ,  7.615 ,38.478,  39.433 ,  137 
252,Jardim Previdência,  7.598 , 7.598 ,  22.489 ,  3.832 ,  11.661 ,  5.223 ,44.948,  44.591 ,  166 
253,Tamanduateí,  1.562 , 1.562 ,  5.068 ,  227 ,  6.955 ,  574 ,13.221,  13.139 ,  113 
254,Orfanato,  12.252 ,  12.252 ,  34.074 ,  26.826 ,  22.117 ,  10.150 ,105.170,  105.744 ,  354 
255,Vila Zelina,  22.919 , 22.919 ,  65.501 ,  12.827 ,  21.020 ,  20.963 ,129.760,  129.208 ,  493 
256,Linhas Corrente,  10.272 , 10.272 ,  29.469 ,  4.469 ,  9.469 ,  7.053 ,43.340,  42.531 ,  252 
257,Vila Ema,  15.149 , 15.149 ,  44.120 ,  6.081 ,  8.153 ,  9.655 ,60.173,  60.096 ,  267 
258,Parque São Lucas,  23.421 , 23.988 ,  69.365 ,  10.680 ,  15.986 ,  15.628 ,94.559,  94.003 ,  450 
259,Vila Cardoso Franco,  12.351 , 12.351 ,  37.944 ,  4.461 ,  10.758 ,  7.650 ,48.732,  48.580 ,  164 
260,Parque Santa Madalena,  14.948 , 14.948 ,  46.025 ,  6.144 ,  8.903 ,  6.653 ,56.969,  56.645 ,  205 
261,Jardim Colorado,  18.514 , 18.514 ,  56.316 ,  7.100 ,  12.018 ,  13.441 ,84.470,  84.449 ,  320 
262,Teotônio Vilela,  27.256 , 27.256 ,  85.182 ,  10.306 ,  19.292 ,  12.785 ,114.372,  114.352 ,  346 
263,Fazenda da Juta,  19.766 , 19.766 ,  63.212 ,  14.589 ,  15.372 ,  11.387 ,116.249,  115.682 ,  330 
264,São Mateus,  21.428 , 21.902 ,  66.948 ,  9.921 ,  21.738 ,  15.695 ,108.178,  109.373 ,  428 
265,Cidade IV Centenário,  14.388 , 14.388 ,  44.247 ,  17.994 ,  15.856 ,  8.886 ,99.937,  100.188 ,  333 
266,Rio Claro,  6.094 , 6.094 ,  18.759 ,  4.008 ,  6.405 ,  2.256 ,22.129,  21.986 ,  218 
267,Cidade Satélite,  8.159 , 8.159 ,  25.209 ,  9.539 ,  10.250 ,  5.457 ,54.660,  54.844 ,  300 
268,Joaquim Nabuco,  4.976 , 5.002 ,  13.975 ,  2.803 ,  11.067 ,  5.224 ,39.785,  39.785 ,  198 
269,Vieira de Moraes,  8.526 , 8.526 ,  21.459 ,  2.470 ,  18.354 ,  10.426 ,67.022,  66.337 ,  171 
270,Campo Belo,  3.668 , 3.668 ,  9.294 ,  1.755 ,  9.812 ,  4.139 ,27.524,  27.473 ,  139 
271,Congonhas,  -   ,  -   ,  -   ,  139 ,  13.426 ,  -   ,22.796,  22.402 ,  179 
272,Jardim Aeroporto,  7.134 , 7.134 ,  19.506 ,  3.554 ,  13.028 ,  5.875 ,41.280,  41.859 ,  199 
273,Vila Santa Catarina,  21.766 , 21.766 ,  61.476 ,  7.720 ,  27.078 ,  16.786 ,118.441,  119.859 ,  326 
274,Jabaquara,  13.238 , 13.238 ,  35.826 ,  11.567 ,  34.389 ,  12.529 ,135.926,  134.492 ,  289 
275,Cidade Vargas,  14.450 , 14.450 ,  38.239 ,  12.671 ,  24.388 ,  11.997 ,113.179,  112.412 ,  347 
276,Jardim Bom Clima,  29.889 , 30.453 ,  92.605 ,  12.335 ,  23.391 ,  19.581 ,159.942,  160.341 ,  446 
277,Cupecê,  20.573 , 20.785 ,  59.452 ,  18.697 ,  26.289 ,  18.642 ,124.162,  124.376 ,  417 
278,Jardim Miriam,  44.813 , 44.993 ,  138.839 ,  22.532 ,  21.666 ,  19.502 ,209.678,  209.824 ,  514 
279,Vila Missionária,  26.669 , 27.460 ,  83.502 ,  8.626 ,  17.839 ,  7.936 ,102.021,  101.768 ,  295 
280,Jurubatuba,  7.300 , 7.300 ,  20.114 ,  11.245 ,  28.167 ,  6.565 ,78.495,  78.829 ,  483 
281,Vila São Pedro,  14.777 , 14.960 ,  41.022 ,  9.524 ,  19.470 ,  15.750 ,85.019,  85.232 ,  313 
282,Campo Grande,  11.639 , 11.749 ,  33.790 ,  10.041 ,  22.802 ,  9.296 ,86.888,  86.725 ,  272 
283,Vila Sabará,  3.847 , 3.847 ,  10.684 ,  673 ,  3.689 ,  2.840 ,19.202,  19.204 ,  235 
284,Mar Paulista,  16.660 , 16.660 ,  51.001 ,  14.011 ,  13.017 ,  9.405 ,81.974,  82.308 ,  549 
285,Pedreira,  34.131 , 34.131 ,  106.280 ,  19.409 ,  27.386 ,  12.170 ,169.615,  170.041 ,  1.303 
286,Vila Socorro,  3.296 , 3.353 ,  9.119 ,  4.957 ,  19.341 ,  2.167 ,50.861,  50.509 ,  293 
287,Parque Interlagos,  9.172 , 9.357 ,  27.277 ,  7.657 ,  14.732 ,  8.770 ,70.743,  69.619 ,  936 
288,Jardim Represa,  7.074 , 7.074 ,  21.830 ,  13.030 ,  8.850 ,  2.541 ,49.835,  50.035 ,  784 
289,Rio Bonito,  15.255 , 15.255 ,  47.549 ,  12.315 ,  21.065 ,  10.137 ,94.814,  95.685 ,  496 
290,SESC Interlagos,  17.283 , 17.283 ,  56.065 ,  8.959 ,  9.715 ,  7.440 ,89.885,  90.077 ,  736 
291,Jardim Presidente,  24.259 , 24.259 ,  75.809 ,  20.928 ,  18.070 ,  16.338 ,133.199,  132.646 ,  763 
292,Vila Natal,  20.493 , 20.493 ,  65.633 ,  13.900 ,  10.647 ,  9.126 ,100.460,  98.255 ,  415 
293,Grajaú,  27.744 , 28.086 ,  86.031 ,  20.206 ,  27.179 ,  16.369 ,146.103,  145.393 ,  541 
294,Cocaia,  35.333 , 35.333 ,  113.477 ,  27.666 ,  15.060 ,  8.700 ,170.092,  170.081 ,  1.093 
295,Belmira Marin,  35.636 , 36.044 ,  114.180 ,  26.972 ,  19.585 ,  22.070 ,169.462,  169.379 ,  1.237 
296,Bororé,  1.285 , 1.285 ,  4.148 ,  2.107 ,  1.597 ,  254 ,9.045,  8.973 ,  5.993 
297,Jaceguava,  951 , 951 ,  2.907 ,  357 ,  798 ,  1.150 ,4.098,  4.333 ,  3.513 
298,Parelheiros,  44.913 , 45.387 ,  145.648 ,  42.621 ,  27.668 ,  16.043 ,220.424,  220.190 ,  11.667 
299,Marsilac,  2.621 , 2.621 ,  8.363 ,  882 ,  2.186 ,  1.672 ,10.429,  10.131 ,  20.796 
300,Granja Julieta,  13.227 , 13.439 ,  34.905 ,  35.867 ,  101.042 ,  14.757 ,268.798,  270.427 ,  617 
301,Chácara Flora,  4.266 , 4.266 ,  12.483 ,  4.648 ,  18.234 ,  6.048 ,50.386,  49.919 ,  452 
302,Santo Amaro,  5.985 , 5.985 ,  16.387 ,  19.234 ,  29.702 ,  6.176 ,119.538,  120.132 ,  257 
303,Vila Miranda,  3.681 , 3.681 ,  10.325 ,  50.942 ,  28.697 ,  2.825 ,131.372,  131.886 ,  271 
304,Jardim São Luís,  26.276 , 26.276 ,  78.638 ,  23.331 ,  34.830 ,  14.886 ,162.940,  164.567 ,  408 
305,Centro Empresarial,  42.922 , 44.026 ,  127.291 ,  30.107 ,  26.283 ,  20.784 ,207.592,  206.277 ,  675 
306,Guarapiranga,  27.655 , 28.410 ,  82.209 ,  12.492 ,  19.288 ,  8.033 ,100.713,  100.781 ,  1.513 
307,Jardim Capela,  32.819 , 32.819 ,  104.416 ,  19.846 ,  24.146 ,  20.550 ,146.468,  145.935 ,  2.022 
308,Riviera,  13.756 , 13.756 ,  41.879 ,  16.545 ,  8.285 ,  1.694 ,60.820,  61.416 ,  799 
309,Jardim Turquesa,  21.403 , 21.551 ,  65.732 ,  11.781 ,  12.417 ,  10.542 ,78.440,  78.526 ,  283 
310,Morro do Índio,  9.523 , 9.523 ,  28.295 ,  4.385 ,  8.290 ,  2.459 ,28.733,  29.144 ,  115 
311,Jardim Ângela,  29.658 , 29.658 ,  88.536 ,  24.466 ,  16.565 ,  11.419 ,150.206,  152.762 ,  464 
312,Capão Redondo,  13.118 , 13.118 ,  38.307 ,  19.056 ,  14.728 ,  9.331 ,93.983,  93.332 ,  219 
313,Jardim Sônia Ingá,  8.080 , 8.080 ,  24.266 ,  8.776 ,  5.067 ,  4.560 ,45.307,  45.544 ,  105 
314,Adventista,  34.690 , 34.690 ,  105.255 ,  34.577 ,  27.777 ,  12.617 ,186.306,  186.290 ,  545 
315,Parque Fernanda,  39.699 , 39.864 ,  122.442 ,  21.275 ,  31.102 ,  14.758 ,175.072,  174.827 ,  512 
316,Morumbi,  5.711 , 5.711 ,  15.560 ,  5.527 ,  13.918 ,  7.732 ,47.001,  47.729 ,  271 
317,Jóquei Clube,  1.306 ,  1.328 ,  4.306 ,  1.077 ,  7.718 ,  2.234 ,18.368,  17.372 ,  333 
318,Fazenda Morumbi,  7.597 , 7.597 ,  22.908 ,  2.224 ,  13.046 ,  5.237 ,47.831,  48.146 ,  321 
319,Real Parque,  3.036 , 3.036 ,  9.015 ,  5.351 ,  20.404 ,  3.690 ,39.853,  40.061 ,  223 
320,Paraisópolis,  24.784 , 24.784 ,  73.861 ,  12.444 ,  12.102 ,  7.876 ,100.266,  99.948 ,  362 
321,Jardim Vitória Régia,  15.862 ,  15.862 ,  42.795 ,  8.125 ,  23.345 ,  24.226 ,100.031,  99.828 ,  370 
322,Vila Suzana,  14.938 , 14.938 ,  39.440 ,  8.490 ,  20.775 ,  17.032 ,83.449,  82.279 ,  301 
323,Parque Arariba,  21.065 ,  21.612 ,  62.710 ,  12.215 ,  10.988 ,  14.417 ,96.394,  96.128 ,  347 
324,Jardim Mitsutani,  23.063 , 23.063 ,  71.351 ,  17.783 ,  22.540 ,  8.929 ,97.554,  97.998 ,  349 
325,Pirajussara,  13.085 , 13.514 ,  40.057 ,  17.381 ,  11.289 ,  7.520 ,87.923,  88.567 ,  270 
326,Jardim Umarizal,  16.960 ,  16.960 ,  51.055 ,  9.380 ,  11.396 ,  9.724 ,65.954,  64.076 ,  295 
327,Portal do Morumbi,  6.588 , 6.588 ,  19.723 ,  1.141 ,  6.535 ,  8.048 ,31.616,  31.760 ,  151 
328,Jardim Jussara,  8.183 ,  8.183 ,  22.657 ,  6.690 ,  15.235 ,  10.664 ,51.627,  53.169 ,  232 
329,Vila Sônia,  11.903 ,  11.903 ,  34.406 ,  8.788 ,  21.336 ,  10.781 ,89.906,  90.098 ,  348 
330,Jardim Maria do Carmo,  13.529 , 13.529 ,  42.282 ,  4.377 ,  13.889 ,  9.585 ,63.434,  63.833 ,  278 
331,Jardim Cambará,  13.529 ,  13.529 ,  42.177 ,  7.814 ,  13.167 ,  8.961 ,70.202,  70.125 ,  480 
332,Jardim João XXIII,  13.702 , 13.883 ,  43.732 ,  13.015 ,  13.304 ,  9.738 ,81.663,  81.806 ,  468 
333,Raposo Tavares,  6.690 ,  6.690 ,  19.965 ,  3.844 ,  8.580 ,  4.697 ,34.489,  34.495 ,  271 
334,Rio Pequeno,  12.117 ,  12.117 ,  36.683 ,  8.249 ,  15.381 ,  5.576 ,68.189,  68.377 ,  246 
335,Jardim Ester Yolanda,  13.398 ,  13.398 ,  40.378 ,  7.018 ,  10.114 ,  9.799 ,68.772,  68.967 ,  265 
336,Jardim Adalgiza,  14.943 , 14.943 ,  45.585 ,  4.163 ,  10.317 ,  10.310 ,60.761,  60.524 ,  467 
337,Parque Continental,  8.657 , 8.657 ,  22.537 ,  6.371 ,  15.255 ,  7.465 ,52.312,  52.854 ,  226 
338,Jaguaré,  10.529 , 10.529 ,  31.544 ,  6.387 ,  21.707 ,  5.196 ,71.443,  71.115 ,  430 
339,Cidade Universitária,  -   ,  -   ,  -   ,  54.277 ,  26.885 ,  -   ,89.704,  89.645 ,  585 
340,Butantã,  2.847 , 3.066 ,  7.738 ,  1.836 ,  13.603 ,  3.096 ,39.506,  39.510 ,  207 
341,Jardim Caxingui,  3.866 , 3.866 ,  10.541 ,  3.726 ,  8.790 ,  3.064 ,30.016,  29.662 ,  180 
342,Jardim Bonfiglioli,  12.797 , 12.797 ,  35.707 ,  5.298 ,  14.867 ,  10.932 ,69.660,  69.710 ,  320 
343,Melhoramentos,  1.181 ,  1.181 ,  3.577 ,  98 ,  575 ,  969 ,3.799,  3.779 ,  2.875 
344,Caieiras,  17.209 , 17.209 ,  52.690 ,  13.625 ,  28.005 ,  10.600 ,109.204,  109.450 ,  1.990 
345,Serpa,  13.002 , 13.002 ,  41.146 ,  7.969 ,  9.840 ,  5.771 ,38.674,  38.674 ,  691 
346,Santa Inês,  -   ,  -   ,  -   ,  -   ,  379 ,  -   ,125,  125 ,  4.081 
347,Cajamar,  22.993 , 23.599 ,  69.567 ,  16.610 ,  27.941 ,  19.953 ,118.233,  118.149 ,  4.856 
348,Jordanésia,  1.657 ,  1.700 ,  5.011 ,  501 ,  2.795 ,  1.415 ,9.150,  9.060 ,  8.308 
349,Cristais,  -   ,  -   ,  -   ,  -   ,  258 ,  -   ,292,  292 ,  4.252 
350,Baltazar Fidélis,  21.377 , 21.377 ,  71.944 ,  11.947 ,  9.827 ,  11.360 ,64.961,  63.965 ,  2.505 
351,Franco da Rocha,  22.744 ,  25.228 ,  75.681 ,  19.215 ,  15.226 ,  13.510 ,117.117,  116.458 ,  1.418 
352,Parque do Juqueri,  -   ,  -   ,  -   ,  -   ,  4.933 ,  -   ,6.833,  7.507 ,  2.551 
353,Palmares,  -   ,  -   ,  -   ,  -   ,  476 ,  -   ,379,  379 ,  2.721 
354,Sete Voltas,  -   ,  -   ,  -   ,  -   ,  435 ,  -   ,493,  493 ,  560 
355,Afonso Moreno,  19.075 ,  19.075 ,  58.624 ,  12.867 ,  17.616 ,  10.262 ,87.804,  87.401 ,  745 
356,Francisco Morato,  33.388 , 33.388 ,  105.824 ,  24.730 ,  14.311 ,  11.936 ,131.633,  131.110 ,  1.857 
357,Cascatas,  1.621 , 1.621 ,  5.222 ,  823 ,  791 ,  498 ,4.794,  4.779 ,  1.758 
358,Mairiporã,  13.692 , 13.692 ,  43.904 ,  8.692 ,  14.358 ,  8.543 ,55.285,  54.688 ,  4.886 
359,Paiva Castro,  5.629 , 5.629 ,  17.805 ,  1.991 ,  8.251 ,  3.452 ,24.556,  24.396 ,  6.751 
360,Colinas,  5.732 , 5.732 ,  18.078 ,  3.170 ,  9.922 ,  3.786 ,27.205,  27.358 ,  5.553 
361,Pirucaia,  4.295 , 4.295 ,  14.906 ,  2.005 ,  4.835 ,  2.606 ,16.341,  16.565 ,  14.954 
362,Guarulhos,  5.117 , 5.117 ,  13.285 ,  27.709 ,  30.264 ,  4.569 ,121.603,  121.219 ,  164 
363,Macedo,  14.881 , 14.881 ,  41.525 ,  16.354 ,  34.785 ,  10.150 ,127.463,  128.781 ,  382 
364,Cumbica,  4.172 , 4.172 ,  13.419 ,  1.444 ,  27.065 ,  1.879 ,42.524,  42.888 ,  689 
365,Várzea do Palácio,  1.619 , 1.619 ,  4.709 ,  321 ,  16.453 ,  1.179 ,25.788,  24.519 ,  647 
366,Ponte Grande,  10.971 , 10.971 ,  31.525 ,  6.935 ,  37.649 ,  9.715 ,97.909,  96.567 ,  875 
367,Gopouva,  10.201 , 10.201 ,  27.784 ,  4.988 ,  11.391 ,  9.060 ,50.310,  49.926 ,  202 
368,Vila São Rafael,  17.772 , 17.772 ,  52.057 ,  13.385 ,  20.825 ,  8.086 ,92.874,  92.984 ,  401 
369,Vila Rosália,  18.787 , 18.787 ,  55.983 ,  18.053 ,  21.185 ,  15.888 ,114.853,  114.737 ,  435 
370,André Luiz,  29.204 , 29.976 ,  85.786 ,  20.712 ,  32.461 ,  25.853 ,160.750,  160.603 ,  580 
371,Jardim Santa Clara,  24.919 , 24.919 ,  75.496 ,  16.348 ,  9.977 ,  21.007 ,105.695,  106.022 ,  463 
372,Parque CECAP,  22.385 , 22.999 ,  66.738 ,  12.560 ,  13.916 ,  14.166 ,102.370,  102.505 ,  472 
373,Taboão,  21.779 , 21.779 ,  70.679 ,  20.520 ,  20.587 ,  15.589 ,144.842,  145.010 ,  529 
374,Aeroporto,  -   ,  -   ,  -   ,  -   ,  17.786 ,  -   ,40.916,  37.109 ,  1.325 
375,Jardim Presidente Dutra,  27.319 , 27.319 ,  87.689 ,  18.528 ,  31.780 ,  15.230 ,127.979,  128.211 ,  892 
376,Baquirivu,  12.773 , 14.426 ,  40.452 ,  12.172 ,  19.818 ,  8.882 ,92.450,  93.922 ,  1.046 
377,Água Chata,  57.841 , 57.841 ,  187.611 ,  44.792 ,  56.986 ,  35.992 ,364.741,  364.271 ,  2.423 
378,Pimentas,  31.063 , 31.063 ,  98.639 ,  18.832 ,  38.668 ,  18.916 ,133.417,  132.335 ,  1.686 
379,Cabuçu,  19.028 , 19.028 ,  60.116 ,  8.688 ,  13.236 ,  10.729 ,91.141,  91.261 ,  752 
380,Invernada,  31.384 , 32.107 ,  104.648 ,  22.066 ,  17.487 ,  10.296 ,137.191,  136.592 ,  2.195 
381,Morro dos Macacos,  -   ,  -   ,  -   ,  -   ,  -   ,  -   ,  -   ,  -   ,  3.533 
382,Chácaras Bananal,  30.358 , 32.918 ,  98.771 ,  19.455 ,  18.545 ,  15.418 ,178.041,  178.819 ,  1.816 
383,Estrada de Nazaré Paulista,  23.448 , 23.448 ,  76.801 ,  19.291 ,  14.758 ,  9.772 ,109.919,  110.384 ,  1.215 
384,Água Azul,  8.952 , 9.547 ,  28.884 ,  6.181 ,  9.038 ,  4.885 ,49.910,  49.538 ,  3.389 
385,Vasconcelândia,  -   ,  -   ,  -   ,  -   ,  452 ,  -   ,844,  844 ,  5.830 
386,Arujazinho,  1.165 , 1.165 ,  3.894 ,  1.071 ,  4.159 ,  675 ,10.029,  10.163 ,  4.190 
387,Arujá,  23.499 , 24.203 ,  76.091 ,  19.391 ,  30.542 ,  14.040 ,131.530,  128.976 ,  3.194 
388,Fazenda Velha,  1.972 , 1.972 ,  6.394 ,  1.105 ,  3.181 ,  1.119 ,9.972,  10.237 ,  2.249 
389,Santa Isabel,  13.237 , 13.840 ,  40.477 ,  8.257 ,  16.906 ,  5.989 ,76.350,  76.863 ,  3.990 
390,Jaguari,4.528, 4.977 ,  13.603 ,969,  2.720 ,  1.961 ,16.384,  15.756 ,32.425
391,Ferraz de Vasconcelos,26.622, 26.622 ,  82.616 ,23.663,  19.107 ,  15.459 ,109.136,  112.579 ,991
392,Paiol Velho,  -   ,  -   ,  -   ,  -   ,  485 ,  -   ,978,  978 ,  1.027 
393,Santos Dumont,33.179, 33.179 ,104.804,18.238,  24.782 ,  17.045 ,145.005,  141.809 ,945
394,Jardim São José,6.077, 6.143 ,20.039,2.940,  4.019 ,  3.596 ,34.263,  34.891 ,408
395,Poá,29.554, 29.554 ,93.455,26.399,  30.491 ,  12.069 ,147.730,  147.690 ,1.322
396,Itaquaquecetuba,33.408, 33.408 ,106.623,23.755,  29.457 ,  18.311 ,191.433,  191.185 ,1.133
397,Quinta da Boa Vista,22.478, 22.802 ,71.598,22.310,  24.159 ,  4.877 ,117.372,  118.377 ,1.420
398,Bonsucesso,34.453, 34.453 ,110.433,23.066,  23.415 ,  18.478 ,151.278,  151.592 ,3.076
399,Pinheirinho,21.759, 21.759 ,70.563,13.018,  11.849 ,  7.927 ,78.385,  77.878 ,2.651
400,Miguel Badra,33.931, 33.931 ,111.948,20.289,  31.750 ,  14.413 ,164.405,  165.432 ,3.271
401,Suzano,43.772, 43.772 ,136.108,43.724,  54.715 ,  25.266 ,304.051,  303.347 ,3.452
402,Guaió,6.383, 6.383 ,20.755,4.660,  5.380 ,  4.654 ,29.496,  29.496 ,8.721
403,Ouro Fino,4.788, 4.788 ,15.737,2.382,  3.908 ,  2.425 ,23.150,  23.156 ,5.223
404,Mogi das Cruzes,30.232, 30.232 ,87.648,34.734,  50.733 ,  18.321 ,246.083,  245.742 ,1.358
405,Estudantes,12.462, 12.462 ,33.892,17.327,  19.180 ,  9.719 ,78.612,  78.506 ,996
406,Vila Oliveira,  11.713 ,  11.847 ,  35.118 ,15.660,  22.451 ,  9.197 ,92.525,  92.262 ,  2.915 
407,Brás Cubas,35.835, 35.835 ,113.997,24.558,  28.756 ,  24.752 ,194.155,  194.103 ,2.148
408,Jundiapeba,14.440, 14.440 ,47.561,8.685,  16.277 ,  5.881 ,64.941,  66.207 ,2.375
409,Jardim Graziella,5.121, 5.121 ,16.794,3.365,  3.981 ,  2.516 ,24.702,  24.751 ,3.986
410,Itapeti,2.996, 2.996 ,9.392,1.328,  6.309 ,  1.257 ,16.628,  16.522 ,15.937
411,Sabaúna,4.722, 4.722 ,15.365,3.022,  5.266 ,  3.334 ,24.487,  24.606 ,4.423
412,César de Souza,11.986, 11.986 ,36.330,7.345,  11.214 ,  8.567 ,54.898,  55.292 ,2.933
413,Taiaçupeba,8.124, 8.124 ,26.705,6.350,  6.169 ,  5.157 ,36.469,  36.469 ,34.359
414,Biritiba-Mirim,9.984, 10.574 ,31.477,6.826,  9.193 ,  6.171 ,55.225,  55.134 ,31.813
415,Salesópolis,5.233, 5.233 ,16.559,3.854,  3.800 ,  2.796 ,31.693,  32.178 ,42.597
416,Guararema,9.154, 9.154 ,28.601,6.668,  10.201 ,  7.164 ,46.774,  46.774 ,27.144
417,Santa Paula,  16.181 ,  16.181 ,  43.769 ,11.337,  24.229 ,  13.023 ,111.088,  110.766 ,  295 
418,Vila Gerti,  17.887 ,  17.887 ,  50.488 ,16.392,  14.178 ,  13.155 ,92.138,  91.972 ,  380 
419,Estrada das Lágrimas,12.922, 12.922 ,37.411,17.108,  17.915 ,  8.103 ,95.037,  94.896 ,360
420,Santo Antônio,1.527, 1.527 ,4.460,600,  9.106 ,  892 ,19.182,  19.202 ,134
421,São Caetano do Sul,5.083, 5.083 ,14.828,10.063,  39.406 ,  3.875 ,79.322,  79.502 ,368
422,Santo André,  21.667 ,  21.667 ,  55.759 ,  56.298 ,  82.692 ,  23.294 ,335.586,  336.064 ,  795 
423,Vila Gilda,11.305, 11.305 ,31.451,5.901,  9.690 ,  10.045 ,48.982,  49.039 ,292
424,Valparaíso,8.297, 8.297 ,23.802,11.961,  10.901 ,  5.144 ,47.965,  47.251 ,247
425,Sacadura Cabral,8.753, 8.753 ,26.843,2.339,  6.881 ,  3.423 ,37.229,  37.229 ,180
426,Campestre,  7.219 ,  7.219 ,  19.642 ,13.087,  16.190 ,  7.487 ,50.356,  50.159 ,  287 
427,Utinga,  14.883 ,  14.883 ,  41.926 ,8.752,  16.511 ,  9.781 ,72.338,  72.371 ,  566 
428,Vila Lucinda,18.049, 18.259 ,51.991,14.097,  12.175 ,  13.704 ,90.994,  90.791 ,458
429,Parque Oratório,19.752, 19.752 ,59.712,9.937,  16.059 ,  20.585 ,100.723,  101.046 ,579
430,Parque das Nações,13.591, 13.591 ,40.870,6.185,  12.529 ,  5.082 ,67.809,  68.141 ,528
431,Jardim do Estádio,  35.635 ,  35.635 ,  105.758 ,  15.101 ,  32.501 ,  31.133 ,182.665,  182.335 ,  1.142 
432,Carijós,37.829, 37.829 ,111.442,17.295,  35.764 ,  32.187 ,182.026,  182.381 ,914
433,Parque do Pedroso,36.762, 36.762 ,117.905,15.823,  19.948 ,  17.819 ,140.093,  139.039 ,3.165
434,Paranapiacaba,897, 913 ,3.039,96,  1.294 ,  506 ,6.371,  6.226 ,8.465
435,Capuava,11.895, 11.895 ,34.164,4.851,  32.784 ,  10.103 ,76.102,  76.231 ,1.957
436,Mauá,44.489, 44.489 ,127.883,44.340,  57.134 ,  30.162 ,262.717,  262.833 ,1.131
437,Jardim Zaíra,53.569, 53.569 ,167.856,28.929,  37.171 ,  25.112 ,231.013,  233.322 ,1.240
438,Barão de Mauá,31.777, 31.777 ,95.761,21.289,  20.362 ,  18.765 ,123.249,  122.393 ,605
439,Estrada do Carneiro,8.016, 8.016 ,25.272,494,  2.892 ,  5.468 ,26.567,  26.491 ,1.268
440,Ribeirão Pires,26.817, 26.817 ,81.235,20.738,  32.150 ,  14.919 ,176.418,  176.395 ,5.257
441,Jardim Santa Luzia,7.391, 7.391 ,22.824,3.356,  3.384 ,  5.911 ,26.523,  26.892 ,2.520
442,Ouro Fino Paulista,4.443, 4.443 ,13.728,1.742,  3.680 ,  3.533 ,18.232,  18.622 ,2.156
443,Parque Sete Pontes,4.249, 4.249 ,12.913,2.174,  2.849 ,  1.921 ,14.438,  14.479 ,1.886
444,Rio Grande da Serra,11.981, 11.981 ,35.592,10.535,  5.631 ,  4.317 ,47.291,  47.465 ,1.756
445,Planalto,32.864, 32.864 ,95.482,26.074,  37.658 ,  30.434 ,177.986,  177.778 ,1.109
446,Paulicéia,19.333, 19.333 ,54.988,11.306,  36.776 ,  16.730 ,117.564,  117.276 ,805
447,Rudge Ramos,16.925, 16.925 ,44.474,24.166,  25.064 ,  16.988 ,104.527,  105.037 ,471
448,Baeta Neves,17.233, 17.233 ,45.474,23.772,  31.487 ,  15.799 ,138.770,  139.750 ,536
449,São Bernardo do Campo,25.516, 25.516 ,67.205,34.751,  71.661 ,  27.568 ,252.676,  252.354 ,743
450,Montanhão,56.186, 56.186 ,172.260,26.092,  42.536 ,  32.374 ,250.264,  249.938 ,1.055
451,Demarchi,34.615, 34.615 ,102.171,21.348,  40.124 ,  24.786 ,165.816,  166.085 ,1.059
452,Riacho Grande,14.345, 14.345 ,47.137,9.892,  11.361 ,  10.567 ,61.053,  60.989 ,3.065
453,Caminho do Mar,  9.714 ,  9.714 ,  30.620 ,  4.584 ,  6.289 ,  8.687 ,34.445,  34.557 ,  28.152 
454,Reservatório Billings,  45.433 ,  45.433 ,  142.929 ,  19.885 ,  47.129 ,  30.591 ,225.931,  225.344 ,  4.043 
455,Diadema,20.135, 20.135 ,57.426,31.917,  45.431 ,  10.073 ,178.702,  179.318 ,493
456,Jardim das Nações,33.239, 33.239 ,99.606,19.546,  31.948 ,  19.280 ,166.649,  167.040 ,591
457,Piraporinha,35.119, 35.119 ,107.955,  21.289 ,  50.649 ,  16.804 ,183.740,  183.802 ,764
458,Vila Conceição,20.364, 20.364 ,61.243,7.560,  19.427 ,  8.689 ,92.108,  92.299 ,371
459,Eldorado,24.324, 24.324 ,74.517,19.417,  13.101 ,  7.527 ,83.883,  82.584 ,867
460,Taboão da Serra,20.200, 20.678 ,59.135,23.166,  33.351 ,  18.625 ,124.323,  124.760 ,527
461,Jardim Irapuã,15.849,15.849,48.079,8.022,14.889,9.630,78.318,77.726,407
462,Parque Pinheiros,31.321,31.321,100.971,16.326,17.793,17.458,147.085,148.629,723
463,Parque Industrial,20.619,20.619,66.834,18.521,18.392,9.732,117.019,114.543,386
464,Santo Eduardo,23.135,23.135,72.698,17.328,16.507,13.401,116.762,115.711,319
465,São Marcos,35.640,37.367,116.026,27.077,16.162,28.797,186.860,186.180,1.868
466,Embu das Artes,17.536,17.536,55.726,20.377,38.483,7.963,137.721,137.821,1.469
467,Ressaca,6.294,6.294,19.597,3.940,10.787,5.089,32.979,33.095,3.399
468,Itapecerica da Serra,46.677,46.677,152.618,38.791,47.801,24.690,259.992,257.786,7.479
469,Jardim Petrópolis,1.764,1.764,5.258,793,1.353,1.696,6.658,6.702,4.132
470,Embu-Mirim,2.435,2.435,7.934,812,4.994,1.339,15.227,15.174,3.510
471,São Lourenço da Serra,5.084, 5.213 ,15.205,2.876,5.367,3.893,20.143,20.251,18.674
472,Embu-Guaçu,12.720,12.720,39.958,10.819,14.009,9.885,71.737,71.278,7.757
473,Cipó,6.520,6.520,20.953,4449,3.842,4.039,25.517,25.446,2.227
474,Santa Rita,1.942,1.942,5.951,1.412,2.293,1.614,8.766,8.838,5.614
475,Juquitiba,9.967,9.967,29.995,7.154,9.420,7.230,43.860,44.217,52.333
476,Barueri,27.120,27.120,82.967,25.847,49.715,15.788,174.819,175.672,1.469
477,Aphaville,15.104,15.580,46.305,22.531,30.826,18.566,119.522,117.815,1.201
478,Tamboré,  -   ,  -   ,  -   ,2.436,83.769,  -   ,127.518,128.635,  890 
479,Antônio João,  -   ,  -   ,  -   ,2.268,6.749,  -   ,15.700,15.700,  594 
480,Vutopoca,13.422,13.422,42.050,12.735,8.529,7.268,62.026,62.099,473
481,Jardim Silveira,20.640,20.640,64.790,20.173,19.619,13.508,107.120,106.987,312
482,Jardim Belval,6.354,6.354,19.794,6.249,11.138,2.854,42.616,42.481,350
483,Morada dos Lagos,1.086,1.086,3.319,750,5.480,1.459,12.005,12.063,1.294
484,Cidade Ariston,41.988,42.794,131.693,18.225,19.730,19.418,149.252,149.496,790
485,Carapicuíba,37.827,38.607,110.673,36.457,26.287,23.892,194.579,193.315,777
486,Jardim Planalto,21.991,21.991,69.644,13.240,18.952,12.734,115.834,115.651,422
487,Aldeia de Carapicuíba,10.757,11.048,33.783,4.740,7.849,7.886,42.351,42.727,573
488,Estrada do Jacarandá,13.184,13.184,43.648,9.917,8.533,11.040,67.580,66.769,900
489,Osasco,1.724,1.724,4.455,12.446,23.774,1.345,90.109,90.864,189
490,Vila Yara,4.394,4.394,11.522,15.643,26.788,3.349,73.794,73.665,244
491,Bussocaba City,12.600,12.600,36.900,12.135,15.881,15.748,73.308,69.546,470
492,Nova Granada,21.334,21.334,60.262,21.870,35.062,19.067,159.327,159.430,546
493,Recanto das Rosas,9.151,9.151,31.031,3.266,5.591,6.130,35.751,35.457,389
494,Jardim Novo Osasco,20.615,20.859,63.563,8.938,8.284,15.534,86.288,84.755,354
495,Jardim Veloso,38.827,38.827,121.969,24.778,24.915,26.068,148.756,150.648,679
496,Quitaúna,23.961,23.961,72.059,11.116,15.902,16.755,110.145,111.941,553
497,Jardim Piratininga,4.242,4.293,12.790,2.177,4.860,3.072,21.929,21.800,351
498,Presidente Altino,4.114,4.114,11.600,2.889,17.315,2.466,47.188,47.378,248
499,Munhoz Junior,41.453,42.480,129.340,22.302,20.876,25.526,159.840,160.212,723
500,Rochdale,15.732,16.768,49.817,9.737,16.028,7.703,78.050,77.831,366
501,Mutinga,17.138,17.138,51.302,18.616,14.370,12.245,95.811,96.262,442
502,Três Montanhas,6.339,6.595,20.742,1.994,21.946,4.182,46.045,45.940,958
503,Ribeirão Itaqui,2.011,2.011,5.903,809,9.720,1.563,27.045,27.319,357
504,Jandira,35.994,35.994,106.308,19.189,22.136,21.451,149.366,149.295,680
505,Ribeirão das Pombas,2.576,2.596,7.933,1.559,1.363,4.581,10.033,9.962,712
506,Granja Viana,11.014,11.014,33.261,8.730,28.529,12.517,81.392,80.306,1.640
507,Fernando Nobre,7.443,7.533,23.325,3.033,26.013,9.091,55.758,55.937,1.977
508,Cotia,43.726,43.726,138.853,35.388,47.511,32.179,244.647,245.658,8.045
509,Capueira,1.700,1.700,5.505,686,1.613,857,6.891,6.927,2.230
510,Caucaia,  -   ,  -   ,  -   ,  -   ,52,  -   ,  -   ,  -   ,  10.266 
511,Caucaia do Alto,10.831,10.831,36.116,7.604,11.173,6.609,57.758,57.517,8.316
512,Vargem Grande Paulista,15.763,15.763,50.557,11.762,17.807,12.278,96.143,96.245,4.258
513,Quatro Encruzilhadas,1.200,1.200,3.587,51,534,1.364,2.968,2.916,2.101
514,Itapevi,33.436,33.436,104.626,21.137,26.505,16.059,156.889,158.309,1.070
515,Amador Bueno,38.079,38.079,120.821,26.727,25.162,21.339,154.950,154.298,5.113
516,Santana de Parnaíba,41.864,41.864,131.608,32.126,48.248,42.320,213.607,214.742,18.035
517,Pirapora do Bom Jesus,5.614,5.614,18.107,3.417,5.143,2.858,22.920,22.927,10.877